Epoch,Avg. Loss,PSNR,SSIM
1,0.010632913451641798,19.733477211203574,0.7531572580337524
2,0.0033001054987932244,24.814721762398754,0.7547782063484192
3,0.0027567892097868025,25.595964397434138,0.8200622200965881
