Epoch,Avg. Total Loss,PSNR,SSIM
1,4746.907389250514,11.36672311372363,0.5684970617294312
2,105.99975615803457,27.87849511300707,0.5745840668678284
3,96.39574608853704,28.291021723124086,0.590648353099823
4,93.13337635569725,28.440543322898236,0.6004734039306641
5,99.54559506725163,28.15130240318288,0.5858531594276428
6,79.51233593000636,29.127348866036193,0.6068812012672424
