Epoch,Avg. Loss,PSNR,SSIM
1,0.3393698805539878,4.693267044156545,0.25665906071662903
2,0.08309002485625523,10.804511111125954,0.2522188425064087
3,0.08110477740770762,10.909535632894997,0.24892793595790863
4,0.08069019292279617,10.931792461742322,0.25598666071891785
5,0.08002107317761048,10.9679562851327,0.26552069187164307
