Epoch,Avg. Loss,PSNR,SSIM
1,147517284698.9467,-111.68842909870637,0.6670613288879395
2,10405.683402375253,-40.17270608154955,0.6510624885559082
